,Cost,Time,Quality
Farm,3.7534065934065937,3.77551282051282,3.771923076923077
Trader,3.6478205128205126,3.653230769230769,3.652
Mandi,3.725128205128205,3.773384615384615,3.733538461538462
Retail,3.5338461538461536,3.543846153846154,3.739384615384616
Transport,3.6293589743589747,3.8524615384615384,3.627384615384616
