,Cost,Time,Quality
Farm,0.7313856668168256,0.7107947571675994,0.7616810104930551
Trader,0.7314608809527134,0.6873745561357435,0.7505116550852383
Mandi,0.72835059881228,0.7017843241612198,0.7391075715812185
Retail,0.7106420614596379,0.7223213206371079,0.7154425019448812
Transport,0.7367258403535474,0.7446923421331869,0.7329404999824192
