Criterion,PCA_share,Mean_share,Priority
Cost,0.39999999999999997,0.32989724157261363,0.39632593651321996
Time,0.2823529411764706,0.33602133001836143,0.284952834560256
Quality,0.31764705882352945,0.334081428409025,0.31872122892652405
