,Cost,Time,Quality
Cost,1.0,1.3908474963052633,1.2434877270273905
Time,0.718986087731735,1.0,0.8940503759978511
Quality,0.8041896821857196,1.1185052060225336,1.0
