lambda_max,CI,RI,CR,Acceptable_(<0.10)
3.009202712714281,0.00460135635714054,0.58,0.007933373029552656,True
