Criterion,r_l,r_m,r_u
Cost,1.2599210498948732,1.8171205928321397,2.2894284851066637
Time,0.43679023236814946,0.5503212081491045,0.7937005259840998
Quality,0.6933612743506347,1.0,1.4422495703074083
