Criterion,w_l,w_m,w_u,centroid,normalised_crisp_w
Cost,0.27841229793985656,0.5396145502210746,0.9578907881986688,0.5919725454532,0.5190381666892337
Time,0.09652015284723377,0.16342411856642794,0.33208218879708146,0.19734215340358108,0.17302847961417492
Quality,0.15321619216583027,0.2969613312124974,0.6034333837759471,0.3512036357180916,0.30793335369659136
