,Farm,Trader,Mandi,Retail,Transport
Farm,0.0,0.0,0.0,0.0,0.27902283720286986
Trader,1.0,0.0,1.0,0.3060386409264951,1.0
Mandi,1.0,0.0,0.0,0.0,0.40580217487063497
Retail,1.0,1.0,1.0,0.0,1.0
Transport,1.0,0.2914421527288658,1.0,0.5293178452905584,0.0
