Stage,C_sup,D_inf,Net,Rank
Farm,3.65394304077165,-3.72097716279713,7.37492020356878,1
Trader,-0.9619236666215327,2.014596488197629,-2.9765201548191618,4
Mandi,1.65394304077165,-1.5941978251293651,3.248140865901015,2
Retail,-2.7682665852136346,3.1646435137829467,-5.932910098996581,5
Transport,-1.5776958297081334,0.13593498594591935,-1.7136308156540527,3
